[{"model": "contenttypes.contenttype", "fields": {"app_label": "admin", "model": "logentry"}}, {"model": "contenttypes.contenttype", "fields": {"app_label": "auth", "model": "permission"}}, {"model": "contenttypes.contenttype", "fields": {"app_label": "auth", "model": "group"}}, {"model": "contenttypes.contenttype", "fields": {"app_label": "contenttypes", "model": "contenttype"}}, {"model": "contenttypes.contenttype", "fields": {"app_label": "sessions", "model": "session"}}, {"model": "contenttypes.contenttype", "fields": {"app_label": "mainapp", "model": "productcategory"}}, {"model": "contenttypes.contenttype", "fields": {"app_label": "mainapp", "model": "product"}}, {"model": "contenttypes.contenttype", "fields": {"app_label": "authapp", "model": "shopuser"}}, {"model": "contenttypes.contenttype", "fields": {"app_label": "basketapp", "model": "basket"}}, {"model": "contenttypes.contenttype", "fields": {"app_label": "social_django", "model": "association"}}, {"model": "contenttypes.contenttype", "fields": {"app_label": "social_django", "model": "code"}}, {"model": "contenttypes.contenttype", "fields": {"app_label": "social_django", "model": "nonce"}}, {"model": "contenttypes.contenttype", "fields": {"app_label": "social_django", "model": "usersocialauth"}}, {"model": "contenttypes.contenttype", "fields": {"app_label": "social_django", "model": "partial"}}, {"model": "contenttypes.contenttype", "fields": {"app_label": "authapp", "model": "shopuserprofile"}}, {"model": "contenttypes.contenttype", "fields": {"app_label": "ordersapp", "model": "orderitem"}}, {"model": "contenttypes.contenttype", "fields": {"app_label": "ordersapp", "model": "order"}}, {"model": "sessions.session", "pk": "00xjc1mu4uiznrqm0nsa4daat6gw4sv5", "fields": {"session_data": "OTQxMTJjZTEzYmFjMjM0MDhhYTI0ODdiYjE3ODBiNGVmOGYzNTZmMDp7Il9hdXRoX3VzZXJfaWQiOiIxIiwiX2F1dGhfdXNlcl9iYWNrZW5kIjoiZGphbmdvLmNvbnRyaWIuYXV0aC5iYWNrZW5kcy5Nb2RlbEJhY2tlbmQiLCJfYXV0aF91c2VyX2hhc2giOiIyYWMzMjBiNDMxYzg1YjExNjdmOTQ4NjRjNWU4OTNmNTY5ZDgxYzJiIn0=", "expire_date": "2021-02-24T21:57:19.387Z"}}, {"model": "sessions.session", "pk": "8x04mrdwoque13e83n21y2yq0sbelnzc", "fields": {"session_data": "OTQxMTJjZTEzYmFjMjM0MDhhYTI0ODdiYjE3ODBiNGVmOGYzNTZmMDp7Il9hdXRoX3VzZXJfaWQiOiIxIiwiX2F1dGhfdXNlcl9iYWNrZW5kIjoiZGphbmdvLmNvbnRyaWIuYXV0aC5iYWNrZW5kcy5Nb2RlbEJhY2tlbmQiLCJfYXV0aF91c2VyX2hhc2giOiIyYWMzMjBiNDMxYzg1YjExNjdmOTQ4NjRjNWU4OTNmNTY5ZDgxYzJiIn0=", "expire_date": "2021-04-25T20:27:15.099Z"}}, {"model": "sessions.session", "pk": "anz2374ua8pp3ffgmoeuxapmd05p0ur4", "fields": {"session_data": "OTQxMTJjZTEzYmFjMjM0MDhhYTI0ODdiYjE3ODBiNGVmOGYzNTZmMDp7Il9hdXRoX3VzZXJfaWQiOiIxIiwiX2F1dGhfdXNlcl9iYWNrZW5kIjoiZGphbmdvLmNvbnRyaWIuYXV0aC5iYWNrZW5kcy5Nb2RlbEJhY2tlbmQiLCJfYXV0aF91c2VyX2hhc2giOiIyYWMzMjBiNDMxYzg1YjExNjdmOTQ4NjRjNWU4OTNmNTY5ZDgxYzJiIn0=", "expire_date": "2021-03-07T20:29:44.193Z"}}, {"model": "sessions.session", "pk": "s9mi2yv5nz0r48aneqyy1lhmk608vg48", "fields": {"session_data": "OWI0MDg1MjMxMzg5MjY4ZmY2NjZjNTg5YjUyYTlkMTMwZDZjYzI4Mzp7Il9hdXRoX3VzZXJfaWQiOiI2IiwiX2F1dGhfdXNlcl9iYWNrZW5kIjoiZGphbmdvLmNvbnRyaWIuYXV0aC5iYWNrZW5kcy5Nb2RlbEJhY2tlbmQiLCJfYXV0aF91c2VyX2hhc2giOiJiMjVkMWM1ZmFiZjJjZjkyNDMwZjkxN2RmNjczM2M2MTgwZWQ1ZmUzIn0=", "expire_date": "2021-04-22T00:02:53.515Z"}}, {"model": "sessions.session", "pk": "y88yjq8djiapkr5t8wcp7wqd5j17ez0v", "fields": {"session_data": "OWI0MDg1MjMxMzg5MjY4ZmY2NjZjNTg5YjUyYTlkMTMwZDZjYzI4Mzp7Il9hdXRoX3VzZXJfaWQiOiI2IiwiX2F1dGhfdXNlcl9iYWNrZW5kIjoiZGphbmdvLmNvbnRyaWIuYXV0aC5iYWNrZW5kcy5Nb2RlbEJhY2tlbmQiLCJfYXV0aF91c2VyX2hhc2giOiJiMjVkMWM1ZmFiZjJjZjkyNDMwZjkxN2RmNjczM2M2MTgwZWQ1ZmUzIn0=", "expire_date": "2021-04-22T00:02:45.090Z"}}, {"model": "sessions.session", "pk": "ziwybihwpy9qkxeyu9tvjeet888rgu6u", "fields": {"session_data": "OTQxMTJjZTEzYmFjMjM0MDhhYTI0ODdiYjE3ODBiNGVmOGYzNTZmMDp7Il9hdXRoX3VzZXJfaWQiOiIxIiwiX2F1dGhfdXNlcl9iYWNrZW5kIjoiZGphbmdvLmNvbnRyaWIuYXV0aC5iYWNrZW5kcy5Nb2RlbEJhY2tlbmQiLCJfYXV0aF91c2VyX2hhc2giOiIyYWMzMjBiNDMxYzg1YjExNjdmOTQ4NjRjNWU4OTNmNTY5ZDgxYzJiIn0=", "expire_date": "2021-02-24T20:04:41.565Z"}}, {"model": "mainapp.productcategory", "pk": 1, "fields": {"name": "\u0441\u0442\u043e\u043b\u044b", "description": "\u041c\u043d\u043e\u0433\u043e \u0441\u0442\u043e\u043b\u043e\u0432 \u043d\u0430 \u043b\u044e\u0431\u043e\u0439 \u0412\u0430\u0448 \u0432\u043a\u0443\u0441", "short_description": "\u0441\u0442\u043e\u043b\u044b \u043d\u0430 \u043b\u044e\u0431\u043e\u0439 \u0432\u043a\u0443\u0441", "is_active": true}}, {"model": "mainapp.productcategory", "pk": 2, "fields": {"name": "\u0441\u0442\u0443\u043b\u044c\u044f", "description": "\u043e\u0434\u043d\u0438 \u0438\u0437 \u043b\u0443\u0447\u0448\u0438\u0445 \u043d\u0430 \u043f\u043b\u0430\u043d\u0435\u0442\u0435", "short_description": "\u043e\u0434\u043d\u0438 \u0438\u0437 \u043b\u0443\u0447\u0448\u0438\u0445", "is_active": true}}, {"model": "mainapp.productcategory", "pk": 3, "fields": {"name": "\u041a\u0440\u0435\u0441\u043b\u0430", "description": "\u041c\u043d\u043e\u0433\u043e \u043c\u044f\u0433\u043a\u0438\u0445, \u0443\u0434\u043e\u0431\u043d\u044b\u0445 \u043a\u0440\u0435\u0441\u0435\u043b", "short_description": "\u041c\u043d\u043e\u0433\u043e \u043a\u0440\u0435\u0441\u0435\u043b", "is_active": true}}, {"model": "mainapp.productcategory", "pk": 4, "fields": {"name": "\u041b\u0430\u043c\u043f\u044b", "description": "\u0411\u043e\u043b\u044c\u0448\u0435\u0439 \u0432\u044b\u0431\u043e\u0440 \u043b\u0430\u043c\u043f \u043d\u0430 \u043b\u044e\u0431\u043e\u0439 \u0432\u043a\u0443\u0441 \u0438 \u0446\u0432\u0435\u0442", "short_description": "\u0411\u043e\u043b\u044c\u0448\u0435\u0439 \u0432\u044b\u0431\u043e\u0440 \u043b\u0430\u043c\u043f", "is_active": true}}, {"model": "mainapp.productcategory", "pk": 5, "fields": {"name": "\u0414\u0438\u0432\u0430\u043d\u044b", "description": "\u041c\u043d\u043e\u0433\u043e \u043c\u044f\u0433\u043a\u0438\u0445 \u0434\u0438\u0432\u0430\u043d\u043e\u0432", "short_description": "\u041c\u044f\u0433\u043a\u0438\u0435 \u0434\u0438\u0432\u0430\u043d\u044b", "is_active": true}}, {"model": "mainapp.product", "pk": 1, "fields": {"category": 1, "name": "\u0434\u0443\u0431\u043e\u0432\u044b\u0439 \u0441\u0442\u043e\u043b", "description": "\u0434\u0443\u0431\u043e\u0432\u044b\u0439 \u0441\u0442\u043e\u043b \u0445\u043e\u0440\u043e\u0448\u0435\u0433\u043e \u043a\u0430\u0447\u0435\u0441\u0442\u0432\u0430 \u0434\u043b\u044f \u0432\u0430\u0448\u0435\u0439 \u0443\u044e\u0442\u043d\u043e\u0439 \u043a\u0432\u0430\u0440\u0442\u0438\u0440\u044b", "short_description": "\u0434\u0443\u0431\u043e\u0432\u044b\u0439 \u0441\u0442\u043e\u043b \u0445\u043e\u0440\u043e\u0448\u0435\u0433\u043e \u043a\u0430\u0447\u0435\u0441\u0442\u0432\u0430", "price": "18785.20", "quantity": 2, "image": "products_images/stol_1.jpg", "is_active": true}}, {"model": "mainapp.product", "pk": 2, "fields": {"category": 3, "name": "\u043a\u0440\u0435\u0441\u043b\u043e \u0411\u0438\u0437\u043e\u043d", "description": "\u041c\u044f\u0433\u043a\u043e\u0435 \u043a\u0440\u0435\u0441\u043b\u043e \u0411\u0438\u0437\u043e\u043d(\u0420\u043e\u0441\u0441\u0438\u044f)", "short_description": "\u041c\u044f\u0433\u043a\u043e\u0435 \u043a\u0440\u0435\u0441\u043b\u043e \u0411\u0438\u0437\u043e\u043d", "price": "17866.00", "quantity": 4, "image": "products_images/200055.jpg", "is_active": true}}, {"model": "mainapp.product", "pk": 3, "fields": {"category": 3, "name": "\u041a\u0420\u0415\u0421\u041b\u041e-\u041c\u0415\u0428\u041e\u041a", "description": "\u041a\u0420\u0415\u0421\u041b\u041e \u041c\u0415\u0428\u041e\u041a, \u041a\u041e\u041c\u0424\u041e\u0420\u0422, \u041a\u0420\u0410\u0421\u041d\u042b\u0419", "short_description": "\u041a\u0420\u0415\u0421\u041b\u041e \u041c\u0415\u0428\u041e\u041a, \u041a\u041e\u041c\u0424\u041e\u0420\u0422", "price": "2490.00", "quantity": 4, "image": "products_images/1585658285_2.jpg", "is_active": true}}, {"model": "mainapp.product", "pk": 4, "fields": {"category": 3, "name": "\u0412\u0438\u043d\u0442\u0430\u0436\u043d\u043e\u0435 \u043a\u0440\u0435\u0441\u043b\u043e", "description": "\u0420\u0443\u043c\u044b\u043d\u0438\u044f 1966 \u0433.\r\n\u0434\u0440\u0435\u0432\u0435\u0441\u0438\u043d\u0430 - \u0431\u0443\u043a, \u043e\u0431\u0438\u0432\u043e\u0447\u043d\u0430\u044f \u0442\u043a\u0430\u043d\u044c, \u043f\u0440\u0443\u0436\u0438\u043d\u044b, \u0442\u0432\u0435\u0440\u0434\u044b\u0439 \u043f\u043e\u0440\u043e\u043b\u043e\u043d\r\n\u0412\u0438\u043d\u0442\u0430\u0436: 1960-\u0435", "short_description": "\u0412\u0438\u043d\u0442\u0430\u0436\u043d\u043e\u0435 \u043a\u0440\u0435\u0441\u043b\u043e \u0420\u0443\u043c\u044b\u043d\u0438\u044f", "price": "20000.00", "quantity": 2, "image": "products_images/\u0411\u0435\u0437_\u043d\u0430\u0437\u0432\u0430\u043d\u0438\u044f.jpg", "is_active": true}}, {"model": "mainapp.product", "pk": 5, "fields": {"category": 1, "name": "\u0421\u0442\u043e\u043b \u043f\u0438\u0441\u044c\u043c\u0435\u043d\u043d\u044b\u0439 \"\u0421\u043d\u0435\u0436\u043d\u044b\u0439 \u041f\u0440\u043e\u0432\u0430\u043d\u0441\"", "description": "\u0411\u0435\u043b\u0430\u044f \u043c\u0435\u0431\u0435\u043b\u044c \u041f\u0440\u043e\u0432\u0430\u043d\u0441 \u0434\u043b\u044f \u0433\u043e\u0441\u0442\u0438\u043d\u043e\u0439, \u0441\u043f\u0430\u043b\u044c\u043d\u0438, \u0441\u0442\u043e\u043b\u043e\u0432\u043e\u0439, \u043a\u0430\u0431\u0438\u043d\u0435\u0442\u0430 \u043e\u0442\u043b\u0438\u0447\u043d\u043e \u0432\u043f\u0438\u0448\u0435\u0442\u0441\u044f \u0432 \u0412\u0430\u0448 \u0437\u0430\u0433\u043e\u0440\u043e\u0434\u043d\u044b\u0439 \u0434\u043e\u043c. \u0411\u0435\u043b\u0430\u044f \u0432\u044b\u0441\u043e\u043a\u043e\u043a\u0430\u0447\u0435\u0441\u0442\u0432\u0435\u043d\u043d\u0430\u044f \u043c\u0435\u0431\u0435\u043b\u044c \"\u0421\u043d\u0435\u0436\u043d\u044b\u0439 \u041f\u0440\u043e\u0432\u0430\u043d\u0441\" \u0442\u0430\u043a\u0436\u0435 \u043c\u043e\u0436\u0435\u0442 \u043f\u043e\u0441\u043b\u0443\u0436\u0438\u0442\u044c \u0432 \u043a\u0430\u0447\u0435\u0441\u0442\u0432\u0435 \u043e\u0431\u0441\u0442\u0430\u043d\u043e\u0432\u043a\u0438 \u0434\u0435\u0442\u0441\u043a\u043e\u0439 \u043a\u043e\u043c\u043d\u0430\u0442\u044b \u043f\u043e\u0434\u0440\u043e\u0441\u0442\u043a\u0430. \u042d\u0442\u043e \u0444\u0443\u043d\u043a\u0446\u0438\u043e\u043d\u0430\u043b\u044c\u043d\u0430\u044f \u0443\u0434\u043e\u0431\u043d\u0430\u044f \u043c\u0435\u0431\u0435\u043b\u044c \u0435\u0432\u0440\u043e\u043f\u0435\u0439\u0441\u043a\u043e\u0433\u043e \u043a\u0430\u0447\u0435\u0441\u0442\u0432\u0430. \u041a\u043e\u043b\u043b\u0435\u043a\u0446\u0438\u044f \u0438\u0437\u0433\u043e\u0442\u043e\u0432\u043b\u0435\u043d\u0430 \u0438\u0437 \u043c\u0430\u0441\u0441\u0438\u0432\u0430 \u0431\u0443\u043a\u0430 (\u043a\u0430\u0440\u043a\u0430\u0441\u044b \u0438 \u0442\u043e\u0447\u0435\u043d\u044b\u0435 \u044d\u043b\u0435\u043c\u0435\u043d\u0442\u044b \u043c\u0435\u0431\u0435\u043b\u0438) \u0438 \u0438\u0437 \u0432\u044b\u0441\u043e\u043a\u043e\u043a\u0430\u0447\u0435\u0441\u0442\u0432\u0435\u043d\u043d\u043e\u0433\u043e \u041c\u0414\u0424 (\u0444\u0438\u043b\u0435\u043d\u0447\u0430\u0442\u044b\u0435 \u0447\u0430\u0441\u0442\u0438) \u0438 \u0441\u043e\u043e\u0442\u0432\u0435\u0442\u0441\u0442\u0432\u0443\u0435\u0442 \u043d\u0435\u043c\u0435\u0446\u043a\u0438\u043c \u0441\u0442\u0430\u043d\u0434\u0430\u0440\u0442\u0430\u043c \u0434\u043b\u044f \u0434\u0435\u0442\u0441\u043a\u043e\u0439 \u043c\u0435\u0431\u0435\u043b\u0438. \u041c\u0435\u0431\u0435\u043b\u044c \"\u0421\u043d\u0435\u0436\u043d\u044b\u0439 \u041f\u0440\u043e\u0432\u0430\u043d\u0441\" \u0438\u043c\u0435\u0435\u0442 \u043f\u043b\u0430\u0432\u043d\u044b\u0435 \u0438\u0437\u043e\u0433\u043d\u0443\u0442\u044b\u0435 \u0444\u043e\u0440\u043c\u044b \u0438 \u0443\u043a\u0440\u0430\u0448\u0435\u043d\u0430 \u043f\u043e\u0442\u0435\u0440\u0442\u044b\u043c \u0432\u0440\u0443\u0447\u043d\u0443\u044e \u0434\u0435\u043a\u043e\u0440\u043e\u043c \u0432 \u0432\u0438\u0434\u0435 \u043e\u043b\u0438\u0432\u043a\u043e\u0432\u043e\u0439 \u0432\u0435\u0442\u0432\u0438.", "short_description": "\u043e\u0442\u043b\u0438\u0447\u043d\u043e \u0432\u043f\u0438\u0448\u0435\u0442\u0441\u044f \u0432 \u0412\u0430\u0448 \u0437\u0430\u0433\u043e\u0440\u043e\u0434\u043d\u044b\u0439 \u0434\u043e\u043c.", "price": "86990.00", "quantity": 3, "image": "products_images/slider_big_d39789dda6417fc21468eef588562e8a.jpeg", "is_active": true}}, {"model": "mainapp.product", "pk": 6, "fields": {"category": 1, "name": "\u0421\u0442\u043e\u043b \u0438\u0433\u0440\u043e\u0432\u043e\u0439 \u0412\u0418\u0422\u0410\u041b-\u041f\u041a", "description": "\u0421\u0442\u043e\u043b \u0438\u0433\u0440\u043e\u0432\u043e\u0439 \u0412\u0418\u0422\u0410\u041b-\u041f\u041a \u0421\u0430\u043f\u043f\u043e\u0440\u0442, \u041b\u0414\u0421\u041f, \u0447\u0435\u0440\u043d\u044b\u0439 \u0438 \u043a\u0440\u0430\u0441\u043d\u044b\u0439", "short_description": "\u0421\u0442\u043e\u043b \u0438\u0433\u0440\u043e\u0432\u043e\u0439 \u0412\u0418\u0422\u0410\u041b-\u041f\u041a \u0421\u0430\u043f\u043f\u043e\u0440\u0442", "price": "8990.00", "quantity": 0, "image": "products_images/1143857_v01_b.jpg", "is_active": true}}, {"model": "mainapp.product", "pk": 7, "fields": {"category": 4, "name": "\u041a\u043e\u043b\u044c\u0446\u0435\u0432\u0430\u044f \u0441\u0432\u0435\u0442\u043e\u0434\u0438\u043e\u0434\u043d\u0430\u044f \u0441\u0435\u043b\u0444\u0438 \u043b\u0430\u043c\u043f\u0430 \u0441 \u0434\u0435\u0440\u0436\u0430\u0442\u0435\u043b\u0435\u043c \u0434\u043b\u044f \u0441\u043c\u0430\u0440\u0442\u0444\u043e\u043d\u0430 25", "description": "\u041a\u043e\u043b\u044c\u0446\u0435\u0432\u0430\u044f \u043b\u0430\u043c\u043f\u0430 \u043f\u043e\u0434\u043e\u0439\u0434\u0435\u0442 \u043a\u0430\u043a \u0431\u044c\u044e\u0442\u0438-\u043c\u0430\u0441\u0442\u0435\u0440\u0430\u043c (\u0432\u0438\u0437\u0430\u0436\u0438\u0441\u0442\u0430\u043c, \u0431\u0440\u043e\u0432\u0438\u0441\u0442\u0430\u043c, \u0441\u0442\u0438\u043b\u0438\u0441\u0442\u0430\u043c), \u0442\u0430\u043a \u0438 \u0431\u043b\u043e\u0433\u0433\u0435\u0440\u0430\u043c, \u0444\u043e\u0442\u043e\u0433\u0440\u0430\u0444\u0430\u043c \u0438 \u043b\u044e\u0431\u0438\u0442\u0435\u043b\u044f\u043c \u043a\u0430\u0447\u0435\u0441\u0442\u0432\u0435\u043d\u043d\u043e\u0433\u043e \u0444\u043e\u0442\u043e. \u042f\u0440\u043a\u043e\u0441\u0442\u044c \u0441\u0432\u0435\u0442\u0430 \u0440\u0435\u0433\u0443\u043b\u0438\u0440\u0443\u0435\u0442\u0441\u044f \u043e\u0442 \u043f\u0440\u0438\u0433\u043b\u0443\u0448\u0435\u043d\u043d\u043e\u0433\u043e \u0434\u043e \u043e\u0447\u0435\u043d\u044c \u044f\u0440\u043a\u043e\u0433\u043e. \u041b\u0430\u043c\u043f\u0430 \u0438\u043c\u0435\u0435\u0442 \u0432\u043e\u0437\u043c\u043e\u0436\u043d\u043e\u0441\u0442\u044c \u0440\u0435\u0433\u0443\u043b\u0438\u0440\u043e\u0432\u043a\u0438 \u0443\u0433\u043b\u0430 \u043d\u0430\u043a\u043b\u043e\u043d\u0430 \u0438 \u0443\u0441\u0442\u0430\u043d\u043e\u0432\u043a\u0438 \u043d\u0430 \u0448\u0442\u0430\u0442\u0438\u0432. \u041c\u043e\u0434\u0435\u043b\u044c \u0441\u043f\u043e\u0441\u043e\u0431\u043d\u0430 \u0443\u0434\u043e\u0432\u043b\u0435\u0442\u0432\u043e\u0440\u0438\u0442\u044c \u043f\u043e\u0442\u0440\u0435\u0431\u043d\u043e\u0441\u0442\u0438 \u043a\u0430\u043a \u043f\u0440\u043e\u0444\u0435\u0441\u0441\u0438\u043e\u043d\u0430\u043b\u043e\u0432, \u0442\u0430\u043a \u0438 \u043b\u044e\u0431\u0438\u0442\u0435\u043b\u0435\u0439 \u0445\u043e\u0440\u043e\u0448\u0438\u0445 \u0444\u043e\u0442\u043e\u0433\u0440\u0430\u0444\u0438\u0439.\r\n   C\u043e\u0441\u0442\u043e\u0438\u0442 \u0438\u0437 70 \u043c\u0430\u043b\u0435\u043d\u044c\u043a\u0438\u0445 \u0441\u0432\u0435\u0442\u043e\u0432\u044b\u0445 \u0434\u0438\u043e\u0434\u043e\u0432 \u0432\u0434\u043e\u043b\u044c \u043a\u0440\u0443\u0433\u0430, \u0434\u0438\u0430\u043c\u0435\u0442\u0440 - 25,5\u0441\u043c, 3 \u0440\u0435\u0436\u0438\u043c\u0430 \u0441\u0432\u0435\u0447\u0435\u043d\u0438\u044f (\u0442\u0435\u043f\u043b\u044b\u0439, \u0445\u043e\u043b\u043e\u0434\u044b\u0439 \u0438 \u0441\u0440\u0435\u0434\u043d\u0438\u0439 \u0441\u0432\u0435\u0442).", "short_description": "\u041a\u043e\u043b\u044c\u0446\u0435\u0432\u0430\u044f \u0441\u0432\u0435\u0442\u043e\u0434\u0438\u043e\u0434\u043d\u0430\u044f \u0441\u0435\u043b\u0444\u0438 \u043b\u0430\u043c\u043f\u0430 \u0441 \u0434\u0435\u0440\u0436\u0430\u0442\u0435\u043b\u0435\u043c \u0434\u043b\u044f \u0441\u043c\u0430\u0440\u0442\u0444\u043e\u043d\u0430 25.5\u0441\u043c", "price": "890.00", "quantity": 10, "image": "products_images/429763.440.jpg", "is_active": true}}, {"model": "mainapp.product", "pk": 8, "fields": {"category": 4, "name": "\u0410\u043a\u043a\u0443\u043c\u0443\u043b\u044f\u0442\u043e\u0440\u043d\u0430\u044f \u043d\u0430\u0441\u0442\u043e\u043b\u044c\u043d\u0430\u044f \u043b\u0430\u043c\u043f\u0430", "description": "\u0410\u043a\u043a\u0443\u043c\u0443\u043b\u044f\u0442\u043e\u0440\u043d\u0430\u044f \u043d\u0430\u0441\u0442\u043e\u043b\u044c\u043d\u0430\u044f \u043b\u0430\u043c\u043f\u0430 \u0443\u0434\u043e\u0431\u043d\u0430\u044f, \u0441\u0442\u0438\u043b\u044c\u043d\u0430\u044f", "short_description": "\u0410\u043a\u043a\u0443\u043c\u0443\u043b\u044f\u0442\u043e\u0440\u043d\u0430\u044f \u043d\u0430\u0441\u0442\u043e\u043b\u044c\u043d\u0430\u044f \u043b\u0430\u043c\u043f\u0430", "price": "1853.00", "quantity": 4, "image": "products_images/5862922-1.jpg", "is_active": true}}, {"model": "mainapp.product", "pk": 9, "fields": {"category": 4, "name": "\u0420\u0435\u0442\u0440\u043e \u0441\u0432\u0435\u0442\u0438\u043b\u044c\u043d\u0438\u043a", "description": "\u0420\u0435\u0442\u0440\u043e \u0441\u0432\u0435\u0442\u0438\u043b\u044c\u043d\u0438\u043a \u041a\u0435\u0440\u043e\u0441\u0438\u043d\u043e\u0432\u0430\u044f \u043b\u0430\u043c\u043f\u0430 \u044d\u043b\u0435\u043a\u0442\u0440\u0438\u0447\u0435\u0441\u043a\u0430\u044f \u043d\u0430\u0441\u0442\u043e\u043b\u044c\u043d\u0430\u044f \u043b\u0430\u043c\u043f\u0430 \u043b\u043e\u0444\u0442", "short_description": "\u0420\u0435\u0442\u0440\u043e \u0441\u0432\u0435\u0442\u0438\u043b\u044c\u043d\u0438\u043a \u041a\u0435\u0440\u043e\u0441\u0438\u043d\u043e\u0432\u0430\u044f \u043b\u0430\u043c\u043f\u0430 \u044d\u043b\u0435\u043a\u0442\u0440\u0438\u0447\u0435\u0441\u043a\u0430\u044f \u043d\u0430\u0441\u0442\u043e\u043b\u044c\u043d\u0430\u044f \u043b\u0430\u043c\u043f\u0430", "price": "2400.00", "quantity": 2, "image": "products_images/0ffe7b273319cf295cb4337446qe--dlya-doma-i-interera-retro-svetilnik-keros_pTNSf00.jpg", "is_active": true}}, {"model": "mainapp.product", "pk": 10, "fields": {"category": 2, "name": "\u0412\u0435\u043d\u0441\u043a\u0438\u0439 \u0441 \u043c\u044f\u0433\u043a\u043e\u0439 \u0441\u043f\u0438\u043d\u043a\u043e\u0439", "description": "\u0421\u0442\u0443\u043b \u0412\u0435\u043d\u0441\u043a\u0438\u0439 \u0441 \u043c\u044f\u0433\u043a\u043e\u0439 \u0441\u043f\u0438\u043d\u043a\u043e\u0439,\u043a\u0430\u0440\u043a\u0430\u0441 \u043a\u043e\u0442\u043e\u0440\u043e\u0433\u043e \u0432\u044b\u043f\u043e\u043b\u043d\u0435\u043d \u0438\u0437 \u043c\u0435\u0442\u0430\u043b\u043b\u0438\u0447\u0435\u0441\u043a\u043e\u0439 \u0442\u0440\u0443\u0431\u044b \u0438 \u0441 \u043c\u044f\u0433\u043a\u0438\u043c \u0441\u0438\u0434\u0435\u043d\u0438\u0435\u043c \u0438 \u0441\u043f\u0438\u043d\u043a\u043e\u0439,\u043e\u0431\u0438\u0442\u044b\u0445 \u044d\u043a\u043e\u043a\u043e\u0436\u0435\u0439,\u0447\u0442\u043e \u043f\u043e\u0437\u0432\u043e\u043b\u044f\u0435\u0442 \u0435\u043c\u0443 \u0441 \u043b\u0451\u0433\u043a\u043e\u0441\u0442\u044c\u044e \u0432\u043f\u0438\u0441\u044b\u0432\u0430\u0442\u044c\u0441\u044f \u0432 \u0438\u043d\u0442\u0435\u0440\u044c\u0435\u0440 \u0412\u0430\u0448\u0435\u0439 \u043a\u0443\u0445\u043d\u0438.\u0426\u0435\u043d\u0430 \u0443\u043a\u0430\u0437\u0430\u043d\u0430 \u0437\u0430 4 \u0448\u0442.", "short_description": "\u0421\u0442\u0443\u043b \u0412\u0435\u043d\u0441\u043a\u0438\u0439 \u0441 \u043c\u044f\u0433\u043a\u043e\u0439 \u0441\u043f\u0438\u043d\u043a\u043e\u0439 (4 \u0448\u0442)", "price": "5990.00", "quantity": 38, "image": "products_images/stul_venskiy_s_myagkoy_spinkoy.jpg", "is_active": true}}, {"model": "mainapp.product", "pk": 11, "fields": {"category": 2, "name": "\u0421\u0438\u043d\u0438\u0439 \u0428\u0435\u043f\u043f\u0438", "description": "\u0411\u0430\u0440\u0445\u0430\u0442\u043d\u043e\u0435  \u0441\u0438\u043d\u0435\u0435 \u043a\u0440\u0435\u0441\u043b\u043e /  \u0441\u0442\u0443\u043b \u043d\u0430 \u043c\u0435\u0442\u0430\u043b\u043b\u0438\u0447\u0435\u0441\u043a\u043e\u043c \u043a\u0430\u0440\u043a\u0430\u0441\u0435 \u0441 \u0443\u0434\u043e\u0431\u043d\u043e\u0439 \u0441\u043f\u0438\u043d\u043a\u043e\u0439 \u0438\u0437\u043e\u0433\u043d\u0443\u0442\u043e\u0439 \u0444\u043e\u0440\u043c\u044b.", "short_description": "\u0421\u0438\u043d\u0438\u0439 \u0441\u0442\u0443\u043b \u0428\u0435\u043f\u043f\u0438", "price": "6680.00", "quantity": 20, "image": "products_images/fc6205ed50874dc39fa7a40071f2dd66.jpg", "is_active": true}}, {"model": "mainapp.product", "pk": 12, "fields": {"category": 2, "name": "\u0421\u0442\u0443\u043b \"Apriori\"", "description": "\u041b\u0435\u0433\u043a\u0438\u0439 \u0432\u043e\u0437\u0434\u0443\u0448\u043d\u044b\u0439 \u0441\u0442\u0443\u043b \u0438\u0437 \u043d\u0430\u0442\u0443\u0440\u0430\u043b\u044c\u043d\u043e\u0433\u043e \u0433\u043d\u0443\u0442\u043e\u0433\u043e \u0434\u0435\u0440\u0435\u0432\u0430. \u041f\u0440\u0438 \u0441\u043e\u0445\u0440\u0430\u043d\u0435\u043d\u0438\u0438 \u0432\u0438\u0437\u0443\u0430\u043b\u044c\u043d\u043e\u0439 \u043b\u0435\u0433\u043a\u043e\u0441\u0442\u0438 \u0441\u0442\u0443\u043b \u043e\u0441\u0442\u0430\u0435\u0442\u0441\u044f \u043f\u0440\u043e\u0447\u043d\u044b\u0439 \u0438 \u0443\u0434\u043e\u0431\u043d\u044b\u0439.", "short_description": "\u041b\u0435\u0433\u043a\u0438\u0439 \u0432\u043e\u0437\u0434\u0443\u0448\u043d\u044b\u0439 \u0441\u0442\u0443\u043b \u0438\u0437 \u043d\u0430\u0442\u0443\u0440\u0430\u043b\u044c\u043d\u043e\u0433\u043e \u0433\u043d\u0443\u0442\u043e\u0433\u043e \u0434\u0435\u0440\u0435\u0432\u0430.", "price": "12190.00", "quantity": 5, "image": "products_images/8ea8170d0c9e6a7abac7135ba853644c.jpeg", "is_active": true}}, {"model": "mainapp.product", "pk": 13, "fields": {"category": 5, "name": "\u0414\u0438\u0432\u0430\u043d \u0420\u0443\u0437\u0432\u0435\u043b\u044c\u0442 Black", "description": "\u041a\u043e\u0436\u0430\u043d\u044b\u0439 \u0434\u0438\u0432\u0430\u043d \"\u0414\u0438\u0432\u0430\u043d \u0420\u0443\u0437\u0432\u0435\u043b\u044c\u0442 Black\" \u0438\u0434\u0435\u0430\u043b\u044c\u043d\u043e \u043f\u043e\u0434\u0445\u043e\u0434\u0438\u0442 \u0434\u043b\u044f \u0441\u043e\u0431\u0435\u0441\u0435\u0434\u043e\u0432\u0430\u043d\u0438\u0439", "short_description": "\u041f\u043e\u0434\u0445\u043e\u0434\u0438\u0442 \u0434\u043b\u044f \u0441\u043e\u0431\u0435\u0441\u0435\u0434\u043e\u0432\u0430\u043d\u0438\u0439", "price": "64490.00", "quantity": 10, "image": "products_images/leather_sofa.jpg", "is_active": true}}, {"model": "mainapp.product", "pk": 14, "fields": {"category": 5, "name": "\u0443\u0433\u043b\u043e\u0432\u043e\u0439 \u0434\u0438\u0432\u0430\u043d \"\u0441\u0435\u043d\u0430\u0442\u043e\u0440\"", "description": "\u041c\u0435\u0445\u0430\u043d\u0438\u0437\u043c \u0442\u0440\u0430\u043d\u0441\u0444\u043e\u0440\u043c\u0430\u0446\u0438\u0438 \u00ab\u0412\u0435\u043d\u0435\u0446\u0438\u044f\u00bb.", "short_description": "\u0423\u043d\u0438\u0432\u0435\u0440\u0441\u0430\u043b\u044c\u043d\u044b\u0439 \u0443\u0433\u043b\u043e\u0432\u043e\u0439 \u0434\u0438\u0432\u0430\u043d", "price": "24990.00", "quantity": 5, "image": "products_images/SENATOR_SOFA.jpg", "is_active": true}}, {"model": "ordersapp.orderitem", "pk": 1, "fields": {"order": 1, "product": 5, "quantity": 3, "add_dt": "2021-04-11T20:28:08.891Z", "update_dt": "2021-04-11T20:28:08.891Z"}}, {"model": "ordersapp.orderitem", "pk": 2, "fields": {"order": 1, "product": 11, "quantity": 4, "add_dt": "2021-04-11T20:28:08.892Z", "update_dt": "2021-04-11T20:28:08.892Z"}}, {"model": "ordersapp.orderitem", "pk": 3, "fields": {"order": 1, "product": 7, "quantity": 2, "add_dt": "2021-04-11T20:28:08.893Z", "update_dt": "2021-04-11T20:28:08.893Z"}}, {"model": "ordersapp.orderitem", "pk": 4, "fields": {"order": 1, "product": 10, "quantity": 2, "add_dt": "2021-04-11T20:28:08.893Z", "update_dt": "2021-04-11T20:28:08.893Z"}}, {"model": "ordersapp.orderitem", "pk": 5, "fields": {"order": 1, "product": 1, "quantity": 1, "add_dt": "2021-04-11T20:28:08.893Z", "update_dt": "2021-04-11T20:28:08.893Z"}}, {"model": "ordersapp.orderitem", "pk": 6, "fields": {"order": 1, "product": 2, "quantity": 5, "add_dt": "2021-04-11T20:28:08.893Z", "update_dt": "2021-04-11T20:28:08.893Z"}}, {"model": "ordersapp.orderitem", "pk": 7, "fields": {"order": 2, "product": 10, "quantity": 1, "add_dt": "2021-04-11T20:28:43.086Z", "update_dt": "2021-04-18T21:23:11.626Z"}}, {"model": "ordersapp.orderitem", "pk": 9, "fields": {"order": 2, "product": 2, "quantity": 1, "add_dt": "2021-04-18T21:22:40.113Z", "update_dt": "2021-04-18T21:22:40.113Z"}}, {"model": "ordersapp.orderitem", "pk": 10, "fields": {"order": 2, "product": 4, "quantity": 1, "add_dt": "2021-04-18T21:22:40.114Z", "update_dt": "2021-04-18T21:22:40.114Z"}}, {"model": "ordersapp.orderitem", "pk": 11, "fields": {"order": 2, "product": 6, "quantity": 1, "add_dt": "2021-04-18T21:23:11.628Z", "update_dt": "2021-04-18T21:23:11.628Z"}}, {"model": "ordersapp.orderitem", "pk": 12, "fields": {"order": 2, "product": 8, "quantity": 1, "add_dt": "2021-04-18T21:23:11.629Z", "update_dt": "2021-04-18T21:23:11.629Z"}}, {"model": "ordersapp.orderitem", "pk": 13, "fields": {"order": 2, "product": 14, "quantity": 1, "add_dt": "2021-04-18T21:23:11.630Z", "update_dt": "2021-04-18T21:23:11.630Z"}}, {"model": "auth.permission", "fields": {"name": "Can add log entry", "content_type": ["admin", "logentry"], "codename": "add_logentry"}}, {"model": "auth.permission", "fields": {"name": "Can change log entry", "content_type": ["admin", "logentry"], "codename": "change_logentry"}}, {"model": "auth.permission", "fields": {"name": "Can delete log entry", "content_type": ["admin", "logentry"], "codename": "delete_logentry"}}, {"model": "auth.permission", "fields": {"name": "Can view log entry", "content_type": ["admin", "logentry"], "codename": "view_logentry"}}, {"model": "auth.permission", "fields": {"name": "Can add permission", "content_type": ["auth", "permission"], "codename": "add_permission"}}, {"model": "auth.permission", "fields": {"name": "Can change permission", "content_type": ["auth", "permission"], "codename": "change_permission"}}, {"model": "auth.permission", "fields": {"name": "Can delete permission", "content_type": ["auth", "permission"], "codename": "delete_permission"}}, {"model": "auth.permission", "fields": {"name": "Can view permission", "content_type": ["auth", "permission"], "codename": "view_permission"}}, {"model": "auth.permission", "fields": {"name": "Can add group", "content_type": ["auth", "group"], "codename": "add_group"}}, {"model": "auth.permission", "fields": {"name": "Can change group", "content_type": ["auth", "group"], "codename": "change_group"}}, {"model": "auth.permission", "fields": {"name": "Can delete group", "content_type": ["auth", "group"], "codename": "delete_group"}}, {"model": "auth.permission", "fields": {"name": "Can view group", "content_type": ["auth", "group"], "codename": "view_group"}}, {"model": "auth.permission", "fields": {"name": "Can add content type", "content_type": ["contenttypes", "contenttype"], "codename": "add_contenttype"}}, {"model": "auth.permission", "fields": {"name": "Can change content type", "content_type": ["contenttypes", "contenttype"], "codename": "change_contenttype"}}, {"model": "auth.permission", "fields": {"name": "Can delete content type", "content_type": ["contenttypes", "contenttype"], "codename": "delete_contenttype"}}, {"model": "auth.permission", "fields": {"name": "Can view content type", "content_type": ["contenttypes", "contenttype"], "codename": "view_contenttype"}}, {"model": "auth.permission", "fields": {"name": "Can add session", "content_type": ["sessions", "session"], "codename": "add_session"}}, {"model": "auth.permission", "fields": {"name": "Can change session", "content_type": ["sessions", "session"], "codename": "change_session"}}, {"model": "auth.permission", "fields": {"name": "Can delete session", "content_type": ["sessions", "session"], "codename": "delete_session"}}, {"model": "auth.permission", "fields": {"name": "Can view session", "content_type": ["sessions", "session"], "codename": "view_session"}}, {"model": "auth.permission", "fields": {"name": "Can add \u043a\u0430\u0442\u0435\u0433\u043e\u0440\u0438\u044f \u043f\u0440\u043e\u0434\u0443\u043a\u0442\u0430", "content_type": ["mainapp", "productcategory"], "codename": "add_productcategory"}}, {"model": "auth.permission", "fields": {"name": "Can change \u043a\u0430\u0442\u0435\u0433\u043e\u0440\u0438\u044f \u043f\u0440\u043e\u0434\u0443\u043a\u0442\u0430", "content_type": ["mainapp", "productcategory"], "codename": "change_productcategory"}}, {"model": "auth.permission", "fields": {"name": "Can delete \u043a\u0430\u0442\u0435\u0433\u043e\u0440\u0438\u044f \u043f\u0440\u043e\u0434\u0443\u043a\u0442\u0430", "content_type": ["mainapp", "productcategory"], "codename": "delete_productcategory"}}, {"model": "auth.permission", "fields": {"name": "Can view \u043a\u0430\u0442\u0435\u0433\u043e\u0440\u0438\u044f \u043f\u0440\u043e\u0434\u0443\u043a\u0442\u0430", "content_type": ["mainapp", "productcategory"], "codename": "view_productcategory"}}, {"model": "auth.permission", "fields": {"name": "Can add \u043f\u0440\u043e\u0434\u0443\u043a\u0442", "content_type": ["mainapp", "product"], "codename": "add_product"}}, {"model": "auth.permission", "fields": {"name": "Can change \u043f\u0440\u043e\u0434\u0443\u043a\u0442", "content_type": ["mainapp", "product"], "codename": "change_product"}}, {"model": "auth.permission", "fields": {"name": "Can delete \u043f\u0440\u043e\u0434\u0443\u043a\u0442", "content_type": ["mainapp", "product"], "codename": "delete_product"}}, {"model": "auth.permission", "fields": {"name": "Can view \u043f\u0440\u043e\u0434\u0443\u043a\u0442", "content_type": ["mainapp", "product"], "codename": "view_product"}}, {"model": "auth.permission", "fields": {"name": "Can add user", "content_type": ["authapp", "shopuser"], "codename": "add_shopuser"}}, {"model": "auth.permission", "fields": {"name": "Can change user", "content_type": ["authapp", "shopuser"], "codename": "change_shopuser"}}, {"model": "auth.permission", "fields": {"name": "Can delete user", "content_type": ["authapp", "shopuser"], "codename": "delete_shopuser"}}, {"model": "auth.permission", "fields": {"name": "Can view user", "content_type": ["authapp", "shopuser"], "codename": "view_shopuser"}}, {"model": "auth.permission", "fields": {"name": "Can add basket", "content_type": ["basketapp", "basket"], "codename": "add_basket"}}, {"model": "auth.permission", "fields": {"name": "Can change basket", "content_type": ["basketapp", "basket"], "codename": "change_basket"}}, {"model": "auth.permission", "fields": {"name": "Can delete basket", "content_type": ["basketapp", "basket"], "codename": "delete_basket"}}, {"model": "auth.permission", "fields": {"name": "Can view basket", "content_type": ["basketapp", "basket"], "codename": "view_basket"}}, {"model": "auth.permission", "fields": {"name": "Can add association", "content_type": ["social_django", "association"], "codename": "add_association"}}, {"model": "auth.permission", "fields": {"name": "Can change association", "content_type": ["social_django", "association"], "codename": "change_association"}}, {"model": "auth.permission", "fields": {"name": "Can delete association", "content_type": ["social_django", "association"], "codename": "delete_association"}}, {"model": "auth.permission", "fields": {"name": "Can view association", "content_type": ["social_django", "association"], "codename": "view_association"}}, {"model": "auth.permission", "fields": {"name": "Can add code", "content_type": ["social_django", "code"], "codename": "add_code"}}, {"model": "auth.permission", "fields": {"name": "Can change code", "content_type": ["social_django", "code"], "codename": "change_code"}}, {"model": "auth.permission", "fields": {"name": "Can delete code", "content_type": ["social_django", "code"], "codename": "delete_code"}}, {"model": "auth.permission", "fields": {"name": "Can view code", "content_type": ["social_django", "code"], "codename": "view_code"}}, {"model": "auth.permission", "fields": {"name": "Can add nonce", "content_type": ["social_django", "nonce"], "codename": "add_nonce"}}, {"model": "auth.permission", "fields": {"name": "Can change nonce", "content_type": ["social_django", "nonce"], "codename": "change_nonce"}}, {"model": "auth.permission", "fields": {"name": "Can delete nonce", "content_type": ["social_django", "nonce"], "codename": "delete_nonce"}}, {"model": "auth.permission", "fields": {"name": "Can view nonce", "content_type": ["social_django", "nonce"], "codename": "view_nonce"}}, {"model": "auth.permission", "fields": {"name": "Can add user social auth", "content_type": ["social_django", "usersocialauth"], "codename": "add_usersocialauth"}}, {"model": "auth.permission", "fields": {"name": "Can change user social auth", "content_type": ["social_django", "usersocialauth"], "codename": "change_usersocialauth"}}, {"model": "auth.permission", "fields": {"name": "Can delete user social auth", "content_type": ["social_django", "usersocialauth"], "codename": "delete_usersocialauth"}}, {"model": "auth.permission", "fields": {"name": "Can view user social auth", "content_type": ["social_django", "usersocialauth"], "codename": "view_usersocialauth"}}, {"model": "auth.permission", "fields": {"name": "Can add partial", "content_type": ["social_django", "partial"], "codename": "add_partial"}}, {"model": "auth.permission", "fields": {"name": "Can change partial", "content_type": ["social_django", "partial"], "codename": "change_partial"}}, {"model": "auth.permission", "fields": {"name": "Can delete partial", "content_type": ["social_django", "partial"], "codename": "delete_partial"}}, {"model": "auth.permission", "fields": {"name": "Can view partial", "content_type": ["social_django", "partial"], "codename": "view_partial"}}, {"model": "auth.permission", "fields": {"name": "Can add shop user profile", "content_type": ["authapp", "shopuserprofile"], "codename": "add_shopuserprofile"}}, {"model": "auth.permission", "fields": {"name": "Can change shop user profile", "content_type": ["authapp", "shopuserprofile"], "codename": "change_shopuserprofile"}}, {"model": "auth.permission", "fields": {"name": "Can delete shop user profile", "content_type": ["authapp", "shopuserprofile"], "codename": "delete_shopuserprofile"}}, {"model": "auth.permission", "fields": {"name": "Can view shop user profile", "content_type": ["authapp", "shopuserprofile"], "codename": "view_shopuserprofile"}}, {"model": "auth.permission", "fields": {"name": "Can add order item", "content_type": ["ordersapp", "orderitem"], "codename": "add_orderitem"}}, {"model": "auth.permission", "fields": {"name": "Can change order item", "content_type": ["ordersapp", "orderitem"], "codename": "change_orderitem"}}, {"model": "auth.permission", "fields": {"name": "Can delete order item", "content_type": ["ordersapp", "orderitem"], "codename": "delete_orderitem"}}, {"model": "auth.permission", "fields": {"name": "Can view order item", "content_type": ["ordersapp", "orderitem"], "codename": "view_orderitem"}}, {"model": "auth.permission", "fields": {"name": "Can add \u0437\u0430\u043a\u0430\u0437", "content_type": ["ordersapp", "order"], "codename": "add_order"}}, {"model": "auth.permission", "fields": {"name": "Can change \u0437\u0430\u043a\u0430\u0437", "content_type": ["ordersapp", "order"], "codename": "change_order"}}, {"model": "auth.permission", "fields": {"name": "Can delete \u0437\u0430\u043a\u0430\u0437", "content_type": ["ordersapp", "order"], "codename": "delete_order"}}, {"model": "auth.permission", "fields": {"name": "Can view \u0437\u0430\u043a\u0430\u0437", "content_type": ["ordersapp", "order"], "codename": "view_order"}}, {"model": "authapp.shopuser", "fields": {"password": "pbkdf2_sha256$150000$w1bImxOBo7u4$7fL629AP3y2IL4vwe736cjNlVcCmQ9Awc7Zt0APOcnk=", "last_login": "2021-04-11T20:27:14.875Z", "is_superuser": true, "username": "django", "first_name": "\u0414\u0436\u0430\u043d\u0433\u043e", "last_name": "\u0414\u0436\u0430\u043d\u0433\u043e\u0432\u0447\u0438", "email": "django@local.ru", "is_staff": true, "is_active": true, "date_joined": "2021-02-10T18:39:15.684Z", "age": 28, "avatar": "avatars/27804.png", "activation_key": "", "groups": [], "user_permissions": []}}, {"model": "authapp.shopuser", "fields": {"password": "pbkdf2_sha256$150000$fxxPSBgf0pMB$kBIOldH79YXFXKfgVmvHaIQej3s/hCqX42RQ7wvQjgs=", "last_login": "2021-02-10T19:27:07.003Z", "is_superuser": false, "username": "user1", "first_name": "\u041f\u0435\u0440\u0432\u044b\u0439", "last_name": "\u041f\u043e\u043b\u044c\u0437\u043e\u0432\u0430\u0442\u0435\u043b\u044c", "email": "user1@local.ru", "is_staff": false, "is_active": true, "date_joined": "2021-02-10T19:26:53.633Z", "age": 18, "avatar": "avatars/1493287748_1487679899_icon-user-640x640_VilyCVT.png", "activation_key": "", "groups": [], "user_permissions": []}}, {"model": "authapp.shopuser", "fields": {"password": "pbkdf2_sha256$150000$6OGlnOH0Cmh7$mzDgssYEO5lQNILtm/8eaSaUxXV5+x+cJhVrWCHSJNE=", "last_login": "2021-04-05T00:27:24.031Z", "is_superuser": false, "username": "user2", "first_name": "", "last_name": "", "email": "user2@local.ru", "is_staff": false, "is_active": true, "date_joined": "2021-04-05T00:16:31.398Z", "age": 25, "avatar": "", "activation_key": "f060ea6b58ce33600dbe80c47c45ffd4dbefceee", "groups": [], "user_permissions": []}}, {"model": "authapp.shopuser", "fields": {"password": "pbkdf2_sha256$150000$sDRnBtunCtDj$peH7HW2tJDVY+2lDTiXTsMTHPgVnvSKDO0sEmN2jzKE=", "last_login": null, "is_superuser": false, "username": "user3", "first_name": "", "last_name": "", "email": "user3@local.ru", "is_staff": false, "is_active": false, "date_joined": "2021-04-05T00:29:24.768Z", "age": 23, "avatar": "", "activation_key": "58992505578065bd045712edb22664bb80bb91e4", "groups": [], "user_permissions": []}}, {"model": "authapp.shopuser", "fields": {"password": "pbkdf2_sha256$150000$uNaQ4fynV6K4$Lv7dxf6WdoYk19BX6dJ76AwI5lYJkGqLE0csdMcBEhA=", "last_login": "2021-04-07T23:02:12.241Z", "is_superuser": false, "username": "user4", "first_name": "", "last_name": "", "email": "user4@local.ru", "is_staff": false, "is_active": true, "date_joined": "2021-04-05T00:31:29.956Z", "age": 23, "avatar": "", "activation_key": "692cb732a6be8130f210e7e35af5d03f2b9b3b3b", "groups": [], "user_permissions": []}}, {"model": "authapp.shopuser", "fields": {"password": "pbkdf2_sha256$150000$IW6TTD6OLwnf$6c67yd2+WuOpWXDWOFIIbdNwg9dybFN2LQx1n4e3U98=", "last_login": "2021-04-08T23:01:17.950Z", "is_superuser": false, "username": "user5", "first_name": "", "last_name": "", "email": "user5@local.ru", "is_staff": false, "is_active": true, "date_joined": "2021-04-08T00:02:18.121Z", "age": 85, "avatar": "", "activation_key": "60081ecc973d2be747ded8222a3bd12f1e3ba8ba", "groups": [], "user_permissions": []}}, {"model": "authapp.shopuser", "fields": {"password": "!RvoxDuD7seY7ffMusUhLcifp1PHz11ntq2H23iYs", "last_login": "2021-04-09T00:22:56.335Z", "is_superuser": false, "username": "sc.omsk55", "first_name": "\u0421\u0435\u0440\u0432\u0438\u0441\u043d\u044b\u0439", "last_name": "\u0426\u0435\u043d\u0442\u0440", "email": "sc.omsk55@gmail.com", "is_staff": false, "is_active": true, "date_joined": "2021-04-08T22:19:37.952Z", "age": 27, "avatar": "https://lh3.googleusercontent.com/a-/AOh14Ghd4XDQu2_GQftTOVL9EteODON_4b0waJyWvnva=s96-c", "activation_key": "", "groups": [], "user_permissions": []}}, {"model": "authapp.shopuserprofile", "pk": 1, "fields": {"tagline": "Django", "about_me": "", "gender": "\u041c"}}, {"model": "authapp.shopuserprofile", "pk": 2, "fields": {"tagline": "", "about_me": "", "gender": ""}}, {"model": "authapp.shopuserprofile", "pk": 3, "fields": {"tagline": "", "about_me": "", "gender": ""}}, {"model": "authapp.shopuserprofile", "pk": 4, "fields": {"tagline": "", "about_me": "", "gender": ""}}, {"model": "authapp.shopuserprofile", "pk": 5, "fields": {"tagline": "", "about_me": "", "gender": ""}}, {"model": "authapp.shopuserprofile", "pk": 6, "fields": {"tagline": "up", "about_me": "", "gender": "\u0416"}}, {"model": "authapp.shopuserprofile", "pk": 7, "fields": {"tagline": "\u0421\u0426", "about_me": "", "gender": "\u041c"}}, {"model": "ordersapp.order", "pk": 1, "fields": {"user": ["django"], "add_dt": "2021-04-11T20:28:08.877Z", "update_dt": "2021-04-11T20:28:19.887Z", "status": "F", "is_active": true}}, {"model": "ordersapp.order", "pk": 2, "fields": {"user": ["django"], "add_dt": "2021-04-11T20:28:43.081Z", "update_dt": "2021-04-18T21:23:11.605Z", "status": "F", "is_active": true}}, {"model": "social_django.usersocialauth", "pk": 1, "fields": {"user": ["sc.omsk55"], "provider": "google-oauth2", "uid": "sc.omsk55@gmail.com", "extra_data": "{\"auth_time\": 1617927775, \"expires\": 3599, \"token_type\": \"Bearer\", \"access_token\": \"ya29.a0AfH6SMDunc3Iue4vHi9ju_Zq2i8UIvWhuYxnM3guWlO1ul-Yx8Gt9y4O_4OiZxA7kssmfPoBw6o3-72X-3hvriH6hm5FJZcILbU-eXo4mTK9XOXX_ME_62qWo_Fn8kegY30X21IJyvo39PuuHpZBAubS9qyx\"}", "created": "2021-04-08T22:19:38.201Z", "modified": "2021-04-09T00:22:55.450Z"}}, {"model": "admin.logentry", "pk": 1, "fields": {"action_time": "2021-02-10T21:24:42.838Z", "user": ["django"], "content_type": ["mainapp", "product"], "object_id": "1", "object_repr": "\u0434\u0443\u0431\u043e\u0432\u044b\u0439 \u0441\u0442\u043e\u043b (\u0441\u0442\u043e\u043b\u044b)", "action_flag": 2, "change_message": "[{\"changed\": {\"fields\": [\"image\"]}}]"}}, {"model": "admin.logentry", "pk": 2, "fields": {"action_time": "2021-02-10T21:25:13.401Z", "user": ["django"], "content_type": ["mainapp", "product"], "object_id": "1", "object_repr": "\u0434\u0443\u0431\u043e\u0432\u044b\u0439 \u0441\u0442\u043e\u043b (\u0441\u0442\u043e\u043b\u044b)", "action_flag": 2, "change_message": "[{\"changed\": {\"fields\": [\"image\"]}}]"}}]